{
    "BLEU-1": 53.84963452836756,
    "BLEU-2": 30.871240978825536,
    "BLEU-3": 19.384121249796316,
    "BLEU-4": 12.40957824545312,
    "METEOR": 31.230697376764105,
    "ROUGE-L": 35.91914165054311,
    "BERTScore-F1": 91.34747982025146,
    "CIDEr": 0.0
}