{
    "BLEU-1": 49.01904015339459,
    "BLEU-2": 30.43652059939671,
    "BLEU-3": 20.091629592230433,
    "BLEU-4": 13.361617798499841,
    "METEOR": 30.380141626305495,
    "ROUGE-L": 33.566908770477404,
    "BERTScore-F1": 90.00678658485413,
    "CIDEr": 0.0
}